MSA,Year,Primary City in MSA,Primary State in MSA,Total Year-Round Beds (ES+TH)
"Providence-Warwick, RI-MA MSA",2011,Providence,MA,1714
"San Antonio-New Braunfels, TX MSA",2011,San Antonio,TX,2302
"Birmingham-Hoover, AL MSA",2012,Birmingham,AL,1097
"San Jose-Sunnyvale-Santa Clara, CA MSA",2010,San Jose,CA,1783
"San Diego-Chula Vista-Carlsbad, CA MSA",2017,San Diego,CA,3680
"Richmond, VA MSA",2011,Richmond,VA,958
"Birmingham-Hoover, AL MSA",2008,Birmingham,AL,1100
"Oklahoma City, OK MSA",2008,Oklahoma City,OK,1199
"Orlando-Kissimmee-Sanford, FL MSA",2009,Orlando,FL,2449
"San Diego-Chula Vista-Carlsbad, CA MSA",2022,San Diego,CA,5742
"Phoenix-Mesa-Chandler, AZ MSA",2021,Phoenix,AZ,4378
"Cleveland-Elyria, OH MSA",2017,Cleveland,OH,1583
"Washington-Arlington-Alexandria, DC-VA-MD-WV MSA",2012,Washington,DC,8402
"San Antonio-New Braunfels, TX MSA",2018,San Antonio,TX,1763
"Charlotte-Concord-Gastonia, NC-SC MSA",2008,Charlotte,NC,1511
"Columbus, OH MSA",2019,Columbus,OH,1307
"Phoenix-Mesa-Chandler, AZ MSA",2007,Phoenix,AZ,5612
"Denver-Aurora-Lakewood, CO MSA",2007,Denver,CO,4404
"Providence-Warwick, RI-MA MSA",2017,Providence,MA,1421
"Fresno, CA MSA",2020,Fresno,CA,1046
"Tampa-St Petersburg-Clearwater, FL MSA",2013,Tampa,FL,3390
"Seattle-Tacoma-Bellevue, WA MSA",2016,Seattle,WA,8044
"Dallas-Fort Worth-Arlington, TX MSA",2015,Dallas,TX,5338
"Phoenix-Mesa-Chandler, AZ MSA",2011,Phoenix,AZ,5125
"Sacramento-Roseville-Folsom, CA MSA",2008,Sacramento,CA,1571
"San Diego-Chula Vista-Carlsbad, CA MSA",2016,San Diego,CA,4377
"Orlando-Kissimmee-Sanford, FL MSA",2013,Orlando,FL,2848
"Raleigh-Cary, NC MSA",2020,Raleigh,NC,1139
"Las Vegas-Henderson-Paradise, NV MSA",2015,Las Vegas,NV,3278
"Houston-The Woodlands-Sugar Land, TX MSA",2014,Houston,TX,3690
"Tampa-St Petersburg-Clearwater, FL MSA",2016,Tampa,FL,3348
"Sacramento-Roseville-Folsom, CA MSA",2015,Sacramento,CA,1564
"Philadelphia-Camden-Wilmington, PA-NJ-DE-MD MSA",2014,Philadelphia,PA,11257
"Birmingham-Hoover, AL MSA",2017,Birmingham,AL,952
"Fresno, CA MSA",2015,Fresno,CA,832
"Portland-Vancouver-Hillsboro, OR-WA MSA",2013,Portland,OR,3347
"Detroit-Warren-Dearborn, MI MSA",2011,Detroit,MI,4090
"Detroit-Warren-Dearborn, MI MSA",2009,Detroit,MI,4229
"Kansas City, MO-KS MSA",2011,Kansas City,KS,203
"Kansas City, MO-KS MSA",2013,Kansas City,KS,230
"Miami-Fort Lauderdale-Pompano Beach, FL MSA",2014,Miami,FL,6460
"Houston-The Woodlands-Sugar Land, TX MSA",2009,Houston,TX,4257
"Nashville-Davidson--Murfreesboro--Franklin, TN MSA",2019,Nashville,TN,1526
"Orlando-Kissimmee-Sanford, FL MSA",2021,Orlando,FL,1964
"Baltimore-Columbia-Towson, MD MSA",2010,Baltimore,MD,2787
"Columbus, OH MSA",2011,Columbus,OH,942
"Baltimore-Columbia-Towson, MD MSA",2016,Baltimore,MD,3153
"Virginia Beach-Norfolk-Newport News, VA-NC MSA",2013,Virginia Beach,VA,1374
"Detroit-Warren-Dearborn, MI MSA",2008,Detroit,MI,4371
"Baltimore-Columbia-Towson, MD MSA",2007,Baltimore,MD,2561
"Indianapolis-Carmel-Anderson, IN MSA",2009,Indianapolis,IN,2278
"Las Vegas-Henderson-Paradise, NV MSA",2013,Las Vegas,NV,2874
"Milwaukee-Waukesha, WI MSA",2019,Milwaukee,WI,902
"Providence-Warwick, RI-MA MSA",2010,Providence,MA,1619
"Louisville/Jefferson County, KY-IN MSA",2018,Louisville,KY,718
"Los Angeles-Long Beach-Anaheim, CA MSA",2007,Los Angeles,CA,18027
"Seattle-Tacoma-Bellevue, WA MSA",2010,Seattle,WA,9929
"Raleigh-Cary, NC MSA",2011,Raleigh,NC,1643
"Denver-Aurora-Lakewood, CO MSA",2014,Denver,CO,5651
"New York-Newark-Jersey City, NY-NJ-PA MSA",2013,New York,NY,73530
"San Antonio-New Braunfels, TX MSA",2008,San Antonio,TX,1367
"Tampa-St Petersburg-Clearwater, FL MSA",2014,Tampa,FL,3361
"Baltimore-Columbia-Towson, MD MSA",2008,Baltimore,MD,2418
"Raleigh-Cary, NC MSA",2012,Raleigh,NC,1776
"St. Louis, MO-IL MSA",2018,St. Louis,MO,1315
"Memphis, TN-MS-AR MSA",2013,Memphis,TN,1995
"Detroit-Warren-Dearborn, MI MSA",2021,Detroit,MI,2099
"Washington-Arlington-Alexandria, DC-VA-MD-WV MSA",2009,Washington,DC,8842
"Boston-Cambridge-Newton, MA-NH MSA",2011,Boston,MA,5899
"Kansas City, MO-KS MSA",2018,Kansas City,KS,159
"Chicago-Naperville-Elgin, IL-IN-WI MSA",2020,Chicago,IL,6322
"Miami-Fort Lauderdale-Pompano Beach, FL MSA",2010,Miami,FL,6613
"Phoenix-Mesa-Chandler, AZ MSA",2010,Phoenix,AZ,5227
"Oklahoma City, OK MSA",2020,Oklahoma City,OK,1172
"San Jose-Sunnyvale-Santa Clara, CA MSA",2022,San Jose,CA,2311
"San Francisco-Oakland-Berkeley, CA MSA",2009,San Francisco,CA,5765
"Boston-Cambridge-Newton, MA-NH MSA",2012,Boston,MA,6090
"Buffalo-Cheektowaga, NY MSA",2020,Buffalo,NY,909
"Las Vegas-Henderson-Paradise, NV MSA",2019,Las Vegas,NV,1884
"Indianapolis-Carmel-Anderson, IN MSA",2007,Indianapolis,IN,2162
"Indianapolis-Carmel-Anderson, IN MSA",2011,Indianapolis,IN,1869
"Sacramento-Roseville-Folsom, CA MSA",2020,Sacramento,CA,1783
"Virginia Beach-Norfolk-Newport News, VA-NC MSA",2019,Virginia Beach,VA,1090
"Atlanta-Sandy Springs-Alpharetta, GA MSA",2020,Atlanta,GA,3205
"Miami-Fort Lauderdale-Pompano Beach, FL MSA",2022,Miami,FL,4791
"Austin-Round Rock-Georgetown, TX MSA",2019,Austin,TX,1184
"New York-Newark-Jersey City, NY-NJ-PA MSA",2019,New York,NY,87724
"Providence-Warwick, RI-MA MSA",2008,Providence,MA,1601
"Birmingham-Hoover, AL MSA",2022,Birmingham,AL,636
"Providence-Warwick, RI-MA MSA",2007,Providence,MA,1834
"Portland-Vancouver-Hillsboro, OR-WA MSA",2015,Portland,OR,2373
"Boston-Cambridge-Newton, MA-NH MSA",2007,Boston,MA,5597
"Kansas City, MO-KS MSA",2010,Kansas City,KS,176
"Detroit-Warren-Dearborn, MI MSA",2014,Detroit,MI,3412
"Nashville-Davidson--Murfreesboro--Franklin, TN MSA",2008,Nashville,TN,1501
"Nashville-Davidson--Murfreesboro--Franklin, TN MSA",2016,Nashville,TN,2166
"Sacramento-Roseville-Folsom, CA MSA",2021,Sacramento,CA,2441
"Salt Lake City, UT MSA",2008,Salt Lake City,UT,1758
"Miami-Fort Lauderdale-Pompano Beach, FL MSA",2018,Miami,FL,4786
"Louisville/Jefferson County, KY-IN MSA",2011,Louisville,KY,1380
"Baltimore-Columbia-Towson, MD MSA",2013,Baltimore,MD,2835
"Birmingham-Hoover, AL MSA",2016,Birmingham,AL,1079
"Milwaukee-Waukesha, WI MSA",2009,Milwaukee,WI,1459
"Los Angeles-Long Beach-Anaheim, CA MSA",2012,Los Angeles,CA,16871
"San Antonio-New Braunfels, TX MSA",2022,San Antonio,TX,2699
"Buffalo-Cheektowaga, NY MSA",2013,Buffalo,NY,1131
"Buffalo-Cheektowaga, NY MSA",2008,Buffalo,NY,952
"Sacramento-Roseville-Folsom, CA MSA",2009,Sacramento,CA,1612
"Los Angeles-Long Beach-Anaheim, CA MSA",2013,Los Angeles,CA,15961
"Atlanta-Sandy Springs-Alpharetta, GA MSA",2013,Atlanta,GA,4111
"Los Angeles-Long Beach-Anaheim, CA MSA",2021,Los Angeles,CA,25997
"Miami-Fort Lauderdale-Pompano Beach, FL MSA",2009,Miami,FL,6403
"Milwaukee-Waukesha, WI MSA",2011,Milwaukee,WI,1588
"Charlotte-Concord-Gastonia, NC-SC MSA",2007,Charlotte,NC,1550
"Oklahoma City, OK MSA",2018,Oklahoma City,OK,1129
"Columbus, OH MSA",2016,Columbus,OH,1215
"Nashville-Davidson--Murfreesboro--Franklin, TN MSA",2013,Nashville,TN,1663
"Charlotte-Concord-Gastonia, NC-SC MSA",2010,Charlotte,NC,1986
"Portland-Vancouver-Hillsboro, OR-WA MSA",2010,Portland,OR,3520
"Riverside-San Bernardino-Ontario, CA MSA",2019,Riverside,CA,1502
"Richmond, VA MSA",2012,Richmond,VA,896
"Louisville/Jefferson County, KY-IN MSA",2016,Louisville,KY,979
"Seattle-Tacoma-Bellevue, WA MSA",2011,Seattle,WA,10149
"Boston-Cambridge-Newton, MA-NH MSA",2015,Boston,MA,6787
"Cincinnati, OH-KY-IN MSA",2015,Cincinnati,OH,942
"San Francisco-Oakland-Berkeley, CA MSA",2016,San Francisco,CA,4973
"Baltimore-Columbia-Towson, MD MSA",2012,Baltimore,MD,2595
"San Francisco-Oakland-Berkeley, CA MSA",2014,San Francisco,CA,4895
"Minneapolis-St Paul-Bloomington, MN-WI MSA",2012,Minneapolis,MN,4319
"Philadelphia-Camden-Wilmington, PA-NJ-DE-MD MSA",2009,Philadelphia,PA,11359
"Charlotte-Concord-Gastonia, NC-SC MSA",2018,Charlotte,NC,1611
"Indianapolis-Carmel-Anderson, IN MSA",2021,Indianapolis,IN,1527
"Minneapolis-St Paul-Bloomington, MN-WI MSA",2018,Minneapolis,MN,4216
"Milwaukee-Waukesha, WI MSA",2017,Milwaukee,WI,1036
"St. Louis, MO-IL MSA",2009,St. Louis,MO,1902
"Denver-Aurora-Lakewood, CO MSA",2022,Denver,CO,6062
"Atlanta-Sandy Springs-Alpharetta, GA MSA",2022,Atlanta,GA,2559
"Minneapolis-St Paul-Bloomington, MN-WI MSA",2021,Minneapolis,MN,5062
"Sacramento-Roseville-Folsom, CA MSA",2022,Sacramento,CA,2561
"Miami-Fort Lauderdale-Pompano Beach, FL MSA",2015,Miami,FL,6201
"Washington-Arlington-Alexandria, DC-VA-MD-WV MSA",2019,Washington,DC,7691
"Atlanta-Sandy Springs-Alpharetta, GA MSA",2015,Atlanta,GA,4616
"Cleveland-Elyria, OH MSA",2021,Cleveland,OH,1149
"Milwaukee-Waukesha, WI MSA",2021,Milwaukee,WI,1077
"Sacramento-Roseville-Folsom, CA MSA",2016,Sacramento,CA,1435
"Washington-Arlington-Alexandria, DC-VA-MD-WV MSA",2017,Washington,DC,9021
"Milwaukee-Waukesha, WI MSA",2016,Milwaukee,WI,1457
"Baltimore-Columbia-Towson, MD MSA",2015,Baltimore,MD,2909
"San Diego-Chula Vista-Carlsbad, CA MSA",2009,San Diego,CA,2298
"Raleigh-Cary, NC MSA",2017,Raleigh,NC,1146
"Tampa-St Petersburg-Clearwater, FL MSA",2020,Tampa,FL,2905
"Fresno, CA MSA",2017,Fresno,CA,536
"Milwaukee-Waukesha, WI MSA",2020,Milwaukee,WI,861
"San Diego-Chula Vista-Carlsbad, CA MSA",2018,San Diego,CA,3868
"Columbus, OH MSA",2018,Columbus,OH,1204
"San Francisco-Oakland-Berkeley, CA MSA",2011,San Francisco,CA,5596
"Chicago-Naperville-Elgin, IL-IN-WI MSA",2015,Chicago,IL,6710
"Columbus, OH MSA",2014,Columbus,OH,897
"Dallas-Fort Worth-Arlington, TX MSA",2020,Dallas,TX,4843
"Las Vegas-Henderson-Paradise, NV MSA",2016,Las Vegas,NV,2426
"Louisville/Jefferson County, KY-IN MSA",2009,Louisville,KY,1457
"Sacramento-Roseville-Folsom, CA MSA",2014,Sacramento,CA,1557
"Washington-Arlington-Alexandria, DC-VA-MD-WV MSA",2018,Washington,DC,8291
"Charlotte-Concord-Gastonia, NC-SC MSA",2011,Charlotte,NC,2523
"San Francisco-Oakland-Berkeley, CA MSA",2018,San Francisco,CA,4844
"San Francisco-Oakland-Berkeley, CA MSA",2022,San Francisco,CA,7007
"Chicago-Naperville-Elgin, IL-IN-WI MSA",2022,Chicago,IL,6595
"Jacksonville, FL MSA",2011,Jacksonville,FL,1747
"Richmond, VA MSA",2018,Richmond,VA,465
"Columbus, OH MSA",2007,Columbus,OH,1249
"Salt Lake City, UT MSA",2015,Salt Lake City,UT,1796
"Nashville-Davidson--Murfreesboro--Franklin, TN MSA",2009,Nashville,TN,1347
"Jacksonville, FL MSA",2020,Jacksonville,FL,1133
"Virginia Beach-Norfolk-Newport News, VA-NC MSA",2007,Virginia Beach,VA,1293
"Portland-Vancouver-Hillsboro, OR-WA MSA",2016,Portland,OR,2533
"Nashville-Davidson--Murfreesboro--Franklin, TN MSA",2007,Nashville,TN,1360
"St. Louis, MO-IL MSA",2008,St. Louis,MO,1846
"Cincinnati, OH-KY-IN MSA",2016,Cincinnati,OH,1035
"Cincinnati, OH-KY-IN MSA",2019,Cincinnati,OH,899
"Riverside-San Bernardino-Ontario, CA MSA",2020,Riverside,CA,1600
"Raleigh-Cary, NC MSA",2013,Raleigh,NC,1866
"Denver-Aurora-Lakewood, CO MSA",2015,Denver,CO,4812
"Philadelphia-Camden-Wilmington, PA-NJ-DE-MD MSA",2011,Philadelphia,PA,11695
"San Francisco-Oakland-Berkeley, CA MSA",2013,San Francisco,CA,5480
"Dallas-Fort Worth-Arlington, TX MSA",2018,Dallas,TX,4793
"Sacramento-Roseville-Folsom, CA MSA",2012,Sacramento,CA,1660
"San Antonio-New Braunfels, TX MSA",2013,San Antonio,TX,2043
"Birmingham-Hoover, AL MSA",2015,Birmingham,AL,1020
"Cleveland-Elyria, OH MSA",2018,Cleveland,OH,1530
"Richmond, VA MSA",2008,Richmond,VA,944
"Salt Lake City, UT MSA",2017,Salt Lake City,UT,1711
"Virginia Beach-Norfolk-Newport News, VA-NC MSA",2008,Virginia Beach,VA,1190
"Virginia Beach-Norfolk-Newport News, VA-NC MSA",2020,Virginia Beach,VA,1009
"Indianapolis-Carmel-Anderson, IN MSA",2019,Indianapolis,IN,1413
"Jacksonville, FL MSA",2019,Jacksonville,FL,1388
"Nashville-Davidson--Murfreesboro--Franklin, TN MSA",2020,Nashville,TN,1494
"Sacramento-Roseville-Folsom, CA MSA",2010,Sacramento,CA,1727
"Dallas-Fort Worth-Arlington, TX MSA",2021,Dallas,TX,4232
"San Jose-Sunnyvale-Santa Clara, CA MSA",2012,San Jose,CA,1784
"Miami-Fort Lauderdale-Pompano Beach, FL MSA",2007,Miami,FL,6782
"Raleigh-Cary, NC MSA",2022,Raleigh,NC,929
"Memphis, TN-MS-AR MSA",2020,Memphis,TN,1066
"Buffalo-Cheektowaga, NY MSA",2021,Buffalo,NY,941
"Cleveland-Elyria, OH MSA",2016,Cleveland,OH,1564
"Salt Lake City, UT MSA",2010,Salt Lake City,UT,1578
"Salt Lake City, UT MSA",2011,Salt Lake City,UT,1697
"Memphis, TN-MS-AR MSA",2018,Memphis,TN,1103
"Riverside-San Bernardino-Ontario, CA MSA",2009,Riverside,CA,2338
"Portland-Vancouver-Hillsboro, OR-WA MSA",2014,Portland,OR,2609
"Pittsburgh, PA MSA",2022,Pittsburgh,PA,800
"Columbus, OH MSA",2020,Columbus,OH,1296
"Phoenix-Mesa-Chandler, AZ MSA",2013,Phoenix,AZ,5475
"Las Vegas-Henderson-Paradise, NV MSA",2011,Las Vegas,NV,3753
"Boston-Cambridge-Newton, MA-NH MSA",2008,Boston,MA,5603
"San Jose-Sunnyvale-Santa Clara, CA MSA",2009,San Jose,CA,1904
"Portland-Vancouver-Hillsboro, OR-WA MSA",2007,Portland,OR,8103
"San Jose-Sunnyvale-Santa Clara, CA MSA",2019,San Jose,CA,1744
"San Francisco-Oakland-Berkeley, CA MSA",2008,San Francisco,CA,5547
"Houston-The Woodlands-Sugar Land, TX MSA",2016,Houston,TX,3401
"Louisville/Jefferson County, KY-IN MSA",2010,Louisville,KY,1423
"Minneapolis-St Paul-Bloomington, MN-WI MSA",2019,Minneapolis,MN,4083
"Buffalo-Cheektowaga, NY MSA",2017,Buffalo,NY,1067
"Salt Lake City, UT MSA",2020,Salt Lake City,UT,1712
"Denver-Aurora-Lakewood, CO MSA",2020,Denver,CO,5472
"Minneapolis-St Paul-Bloomington, MN-WI MSA",2016,Minneapolis,MN,4315
"Kansas City, MO-KS MSA",2017,Kansas City,KS,161
"Boston-Cambridge-Newton, MA-NH MSA",2017,Boston,MA,6278
"Richmond, VA MSA",2016,Richmond,VA,644
"Oklahoma City, OK MSA",2011,Oklahoma City,OK,1042
"Detroit-Warren-Dearborn, MI MSA",2015,Detroit,MI,3358
"Providence-Warwick, RI-MA MSA",2015,Providence,MA,1595
"San Francisco-Oakland-Berkeley, CA MSA",2017,San Francisco,CA,4894
"Memphis, TN-MS-AR MSA",2014,Memphis,TN,1705
"Riverside-San Bernardino-Ontario, CA MSA",2010,Riverside,CA,2362
"Milwaukee-Waukesha, WI MSA",2013,Milwaukee,WI,1510
"Nashville-Davidson--Murfreesboro--Franklin, TN MSA",2021,Nashville,TN,2054
"Denver-Aurora-Lakewood, CO MSA",2019,Denver,CO,5143
"Sacramento-Roseville-Folsom, CA MSA",2011,Sacramento,CA,1551
"Las Vegas-Henderson-Paradise, NV MSA",2008,Las Vegas,NV,4231
"Nashville-Davidson--Murfreesboro--Franklin, TN MSA",2012,Nashville,TN,1561
"Houston-The Woodlands-Sugar Land, TX MSA",2020,Houston,TX,2685
"Miami-Fort Lauderdale-Pompano Beach, FL MSA",2016,Miami,FL,5858
"Charlotte-Concord-Gastonia, NC-SC MSA",2014,Charlotte,NC,1948
"Atlanta-Sandy Springs-Alpharetta, GA MSA",2007,Atlanta,GA,4806
"Louisville/Jefferson County, KY-IN MSA",2013,Louisville,KY,1400
"Louisville/Jefferson County, KY-IN MSA",2020,Louisville,KY,938
"Providence-Warwick, RI-MA MSA",2016,Providence,MA,1586
"San Antonio-New Braunfels, TX MSA",2007,San Antonio,TX,1344
"Chicago-Naperville-Elgin, IL-IN-WI MSA",2009,Chicago,IL,7387
"Boston-Cambridge-Newton, MA-NH MSA",2019,Boston,MA,6466
"Raleigh-Cary, NC MSA",2007,Raleigh,NC,2042
"Riverside-San Bernardino-Ontario, CA MSA",2017,Riverside,CA,1574
"Richmond, VA MSA",2019,Richmond,VA,415
"Columbus, OH MSA",2022,Columbus,OH,1478
"Los Angeles-Long Beach-Anaheim, CA MSA",2016,Los Angeles,CA,15770
"Baltimore-Columbia-Towson, MD MSA",2022,Baltimore,MD,3041
"Riverside-San Bernardino-Ontario, CA MSA",2008,Riverside,CA,2278
"Baltimore-Columbia-Towson, MD MSA",2018,Baltimore,MD,2586
"Memphis, TN-MS-AR MSA",2011,Memphis,TN,1865
"Portland-Vancouver-Hillsboro, OR-WA MSA",2022,Portland,OR,4027
"Kansas City, MO-KS MSA",2014,Kansas City,KS,231
"New York-Newark-Jersey City, NY-NJ-PA MSA",2020,New York,NY,87535
"Birmingham-Hoover, AL MSA",2020,Birmingham,AL,854
"Fresno, CA MSA",2018,Fresno,CA,547
"Pittsburgh, PA MSA",2011,Pittsburgh,PA,1446
"Jacksonville, FL MSA",2012,Jacksonville,FL,1700
"Columbus, OH MSA",2021,Columbus,OH,1457
"Louisville/Jefferson County, KY-IN MSA",2017,Louisville,KY,917
"Charlotte-Concord-Gastonia, NC-SC MSA",2019,Charlotte,NC,1703
"Detroit-Warren-Dearborn, MI MSA",2013,Detroit,MI,3742
"Charlotte-Concord-Gastonia, NC-SC MSA",2021,Charlotte,NC,1795
"Cleveland-Elyria, OH MSA",2019,Cleveland,OH,1496
"Seattle-Tacoma-Bellevue, WA MSA",2015,Seattle,WA,7957
"Seattle-Tacoma-Bellevue, WA MSA",2009,Seattle,WA,9907
"Jacksonville, FL MSA",2022,Jacksonville,FL,1348
"San Diego-Chula Vista-Carlsbad, CA MSA",2021,San Diego,CA,5438
"Portland-Vancouver-Hillsboro, OR-WA MSA",2008,Portland,OR,4500
"Pittsburgh, PA MSA",2018,Pittsburgh,PA,695
"Providence-Warwick, RI-MA MSA",2019,Providence,MA,1361
"Columbus, OH MSA",2008,Columbus,OH,935
"Virginia Beach-Norfolk-Newport News, VA-NC MSA",2009,Virginia Beach,VA,1212
"Phoenix-Mesa-Chandler, AZ MSA",2017,Phoenix,AZ,3508
"Austin-Round Rock-Georgetown, TX MSA",2008,Austin,TX,1285
"Baltimore-Columbia-Towson, MD MSA",2014,Baltimore,MD,2834
"Portland-Vancouver-Hillsboro, OR-WA MSA",2018,Portland,OR,2944
"New York-Newark-Jersey City, NY-NJ-PA MSA",2016,New York,NY,83033
"Buffalo-Cheektowaga, NY MSA",2014,Buffalo,NY,1054
"Buffalo-Cheektowaga, NY MSA",2022,Buffalo,NY,963
"Atlanta-Sandy Springs-Alpharetta, GA MSA",2009,Atlanta,GA,5254
"Las Vegas-Henderson-Paradise, NV MSA",2012,Las Vegas,NV,3280
"Fresno, CA MSA",2011,Fresno,CA,1662
"Virginia Beach-Norfolk-Newport News, VA-NC MSA",2016,Virginia Beach,VA,1225
"Raleigh-Cary, NC MSA",2016,Raleigh,NC,1166
"Austin-Round Rock-Georgetown, TX MSA",2022,Austin,TX,1125
"Phoenix-Mesa-Chandler, AZ MSA",2012,Phoenix,AZ,5616
"Washington-Arlington-Alexandria, DC-VA-MD-WV MSA",2021,Washington,DC,8026
"Dallas-Fort Worth-Arlington, TX MSA",2014,Dallas,TX,6089
"Salt Lake City, UT MSA",2016,Salt Lake City,UT,1517
"Tampa-St Petersburg-Clearwater, FL MSA",2019,Tampa,FL,2948
"Las Vegas-Henderson-Paradise, NV MSA",2021,Las Vegas,NV,2577
"Providence-Warwick, RI-MA MSA",2022,Providence,MA,1259
"Washington-Arlington-Alexandria, DC-VA-MD-WV MSA",2013,Washington,DC,8760
"Dallas-Fort Worth-Arlington, TX MSA",2010,Dallas,TX,6549
"Kansas City, MO-KS MSA",2016,Kansas City,KS,1985
"Sacramento-Roseville-Folsom, CA MSA",2013,Sacramento,CA,1554
"Nashville-Davidson--Murfreesboro--Franklin, TN MSA",2017,Nashville,TN,1783
"Dallas-Fort Worth-Arlington, TX MSA",2008,Dallas,TX,6192
"Indianapolis-Carmel-Anderson, IN MSA",2008,Indianapolis,IN,2449
"Raleigh-Cary, NC MSA",2018,Raleigh,NC,1139
"Virginia Beach-Norfolk-Newport News, VA-NC MSA",2018,Virginia Beach,VA,1120
"Minneapolis-St Paul-Bloomington, MN-WI MSA",2017,Minneapolis,MN,4381
"Chicago-Naperville-Elgin, IL-IN-WI MSA",2014,Chicago,IL,7524
"Riverside-San Bernardino-Ontario, CA MSA",2011,Riverside,CA,2548
"St. Louis, MO-IL MSA",2017,St. Louis,MO,1749
"Boston-Cambridge-Newton, MA-NH MSA",2018,Boston,MA,6324
"Sacramento-Roseville-Folsom, CA MSA",2018,Sacramento,CA,1493
"Austin-Round Rock-Georgetown, TX MSA",2016,Austin,TX,1255
"Jacksonville, FL MSA",2016,Jacksonville,FL,1723
"Chicago-Naperville-Elgin, IL-IN-WI MSA",2021,Chicago,IL,6146
"Jacksonville, FL MSA",2017,Jacksonville,FL,1568
"Washington-Arlington-Alexandria, DC-VA-MD-WV MSA",2010,Washington,DC,8778
"Miami-Fort Lauderdale-Pompano Beach, FL MSA",2012,Miami,FL,6463
"Riverside-San Bernardino-Ontario, CA MSA",2012,Riverside,CA,2540
"Memphis, TN-MS-AR MSA",2019,Memphis,TN,1415
"Houston-The Woodlands-Sugar Land, TX MSA",2022,Houston,TX,3056
"Cleveland-Elyria, OH MSA",2020,Cleveland,OH,1402
"Baltimore-Columbia-Towson, MD MSA",2021,Baltimore,MD,2852
"Salt Lake City, UT MSA",2009,Salt Lake City,UT,1799
"Philadelphia-Camden-Wilmington, PA-NJ-DE-MD MSA",2012,Philadelphia,PA,11245
"San Diego-Chula Vista-Carlsbad, CA MSA",2010,San Diego,CA,2319
"Las Vegas-Henderson-Paradise, NV MSA",2009,Las Vegas,NV,7459
"St. Louis, MO-IL MSA",2013,St. Louis,MO,1751
"New York-Newark-Jersey City, NY-NJ-PA MSA",2015,New York,NY,84819
"Columbus, OH MSA",2012,Columbus,OH,952
"Milwaukee-Waukesha, WI MSA",2018,Milwaukee,WI,892
"Milwaukee-Waukesha, WI MSA",2022,Milwaukee,WI,1083
"Richmond, VA MSA",2022,Richmond,VA,484
"Orlando-Kissimmee-Sanford, FL MSA",2010,Orlando,FL,2483
"Richmond, VA MSA",2020,Richmond,VA,370
"Pittsburgh, PA MSA",2008,Pittsburgh,PA,1431
"Portland-Vancouver-Hillsboro, OR-WA MSA",2009,Portland,OR,3640
"Minneapolis-St Paul-Bloomington, MN-WI MSA",2015,Minneapolis,MN,4390
"New York-Newark-Jersey City, NY-NJ-PA MSA",2007,New York,NY,56310
"New York-Newark-Jersey City, NY-NJ-PA MSA",2008,New York,NY,55331
"Chicago-Naperville-Elgin, IL-IN-WI MSA",2018,Chicago,IL,6250
"Fresno, CA MSA",2008,Fresno,CA,2081
"Dallas-Fort Worth-Arlington, TX MSA",2009,Dallas,TX,6566
"Philadelphia-Camden-Wilmington, PA-NJ-DE-MD MSA",2008,Philadelphia,PA,12063
"St. Louis, MO-IL MSA",2020,St. Louis,MO,1385
"Los Angeles-Long Beach-Anaheim, CA MSA",2009,Los Angeles,CA,20263
"Virginia Beach-Norfolk-Newport News, VA-NC MSA",2011,Virginia Beach,VA,1509
"Memphis, TN-MS-AR MSA",2015,Memphis,TN,1626
"Washington-Arlington-Alexandria, DC-VA-MD-WV MSA",2007,Washington,DC,7682
"Houston-The Woodlands-Sugar Land, TX MSA",2017,Houston,TX,3192
"Houston-The Woodlands-Sugar Land, TX MSA",2010,Houston,TX,4068
"Tampa-St Petersburg-Clearwater, FL MSA",2022,Tampa,FL,2612
"Salt Lake City, UT MSA",2007,Salt Lake City,UT,1846
"Philadelphia-Camden-Wilmington, PA-NJ-DE-MD MSA",2016,Philadelphia,PA,11187
"Austin-Round Rock-Georgetown, TX MSA",2018,Austin,TX,1116
"Riverside-San Bernardino-Ontario, CA MSA",2015,Riverside,CA,2160
"San Francisco-Oakland-Berkeley, CA MSA",2015,San Francisco,CA,4863
"Atlanta-Sandy Springs-Alpharetta, GA MSA",2014,Atlanta,GA,4728
"Washington-Arlington-Alexandria, DC-VA-MD-WV MSA",2008,Washington,DC,8291
"Phoenix-Mesa-Chandler, AZ MSA",2009,Phoenix,AZ,5295
"Raleigh-Cary, NC MSA",2008,Raleigh,NC,2037
"Dallas-Fort Worth-Arlington, TX MSA",2019,Dallas,TX,4910
"Austin-Round Rock-Georgetown, TX MSA",2021,Austin,TX,915
"Philadelphia-Camden-Wilmington, PA-NJ-DE-MD MSA",2013,Philadelphia,PA,11161
"Cleveland-Elyria, OH MSA",2015,Cleveland,OH,1818
"Minneapolis-St Paul-Bloomington, MN-WI MSA",2013,Minneapolis,MN,4448
"Fresno, CA MSA",2012,Fresno,CA,1012
"Portland-Vancouver-Hillsboro, OR-WA MSA",2017,Portland,OR,3249
"Phoenix-Mesa-Chandler, AZ MSA",2015,Phoenix,AZ,4317
"San Antonio-New Braunfels, TX MSA",2012,San Antonio,TX,2228
"Tampa-St Petersburg-Clearwater, FL MSA",2015,Tampa,FL,3754
"Phoenix-Mesa-Chandler, AZ MSA",2018,Phoenix,AZ,4216
"Columbus, OH MSA",2013,Columbus,OH,958
"Washington-Arlington-Alexandria, DC-VA-MD-WV MSA",2014,Washington,DC,9200
"Cincinnati, OH-KY-IN MSA",2007,Cincinnati,OH,1053
"Buffalo-Cheektowaga, NY MSA",2015,Buffalo,NY,1030
"Memphis, TN-MS-AR MSA",2009,Memphis,TN,1617
"Tampa-St Petersburg-Clearwater, FL MSA",2018,Tampa,FL,3172
"San Antonio-New Braunfels, TX MSA",2016,San Antonio,TX,2228
"Birmingham-Hoover, AL MSA",2010,Birmingham,AL,1159
"Jacksonville, FL MSA",2009,Jacksonville,FL,2407
"Buffalo-Cheektowaga, NY MSA",2011,Buffalo,NY,913
"Portland-Vancouver-Hillsboro, OR-WA MSA",2019,Portland,OR,2826
"Philadelphia-Camden-Wilmington, PA-NJ-DE-MD MSA",2017,Philadelphia,PA,10176
"Riverside-San Bernardino-Ontario, CA MSA",2022,Riverside,CA,2727
"Raleigh-Cary, NC MSA",2021,Raleigh,NC,949
"San Francisco-Oakland-Berkeley, CA MSA",2012,San Francisco,CA,5868
"Kansas City, MO-KS MSA",2009,Kansas City,KS,176
"Dallas-Fort Worth-Arlington, TX MSA",2016,Dallas,TX,5446
"Miami-Fort Lauderdale-Pompano Beach, FL MSA",2013,Miami,FL,6504
"San Francisco-Oakland-Berkeley, CA MSA",2021,San Francisco,CA,6299
"Denver-Aurora-Lakewood, CO MSA",2018,Denver,CO,4774
"Oklahoma City, OK MSA",2022,Oklahoma City,OK,1188
"Philadelphia-Camden-Wilmington, PA-NJ-DE-MD MSA",2022,Philadelphia,PA,9198
"New York-Newark-Jersey City, NY-NJ-PA MSA",2021,New York,NY,81378
"Oklahoma City, OK MSA",2010,Oklahoma City,OK,1073
"Tampa-St Petersburg-Clearwater, FL MSA",2017,Tampa,FL,3095
"Los Angeles-Long Beach-Anaheim, CA MSA",2015,Los Angeles,CA,17837
"Atlanta-Sandy Springs-Alpharetta, GA MSA",2019,Atlanta,GA,3476
"Oklahoma City, OK MSA",2019,Oklahoma City,OK,1221
"Birmingham-Hoover, AL MSA",2009,Birmingham,AL,1153
"Richmond, VA MSA",2017,Richmond,VA,652
"Boston-Cambridge-Newton, MA-NH MSA",2022,Boston,MA,6320
"Pittsburgh, PA MSA",2019,Pittsburgh,PA,656
"Minneapolis-St Paul-Bloomington, MN-WI MSA",2014,Minneapolis,MN,4692
"Louisville/Jefferson County, KY-IN MSA",2014,Louisville,KY,1139
"Birmingham-Hoover, AL MSA",2007,Birmingham,AL,1303
"Tampa-St Petersburg-Clearwater, FL MSA",2008,Tampa,FL,2737
"Indianapolis-Carmel-Anderson, IN MSA",2016,Indianapolis,IN,1636
"Detroit-Warren-Dearborn, MI MSA",2016,Detroit,MI,3090
"San Antonio-New Braunfels, TX MSA",2019,San Antonio,TX,1809
"Indianapolis-Carmel-Anderson, IN MSA",2020,Indianapolis,IN,1207
"Cleveland-Elyria, OH MSA",2007,Cleveland,OH,1990
"Cleveland-Elyria, OH MSA",2022,Cleveland,OH,1420
"St. Louis, MO-IL MSA",2019,St. Louis,MO,1276
"Boston-Cambridge-Newton, MA-NH MSA",2010,Boston,MA,5728
"Milwaukee-Waukesha, WI MSA",2010,Milwaukee,WI,1454
"Salt Lake City, UT MSA",2022,Salt Lake City,UT,1776
"San Diego-Chula Vista-Carlsbad, CA MSA",2020,San Diego,CA,4124
"Orlando-Kissimmee-Sanford, FL MSA",2012,Orlando,FL,2799
"Los Angeles-Long Beach-Anaheim, CA MSA",2022,Los Angeles,CA,30211
"Jacksonville, FL MSA",2007,Jacksonville,FL,1924
"Pittsburgh, PA MSA",2010,Pittsburgh,PA,1302
"San Jose-Sunnyvale-Santa Clara, CA MSA",2015,San Jose,CA,1996
"Cincinnati, OH-KY-IN MSA",2022,Cincinnati,OH,908
"Tampa-St Petersburg-Clearwater, FL MSA",2011,Tampa,FL,3281
"Buffalo-Cheektowaga, NY MSA",2019,Buffalo,NY,960
"Seattle-Tacoma-Bellevue, WA MSA",2012,Seattle,WA,10009
"St. Louis, MO-IL MSA",2010,St. Louis,MO,1695
"Portland-Vancouver-Hillsboro, OR-WA MSA",2020,Portland,OR,2992
"Los Angeles-Long Beach-Anaheim, CA MSA",2014,Los Angeles,CA,15823
"Riverside-San Bernardino-Ontario, CA MSA",2018,Riverside,CA,1512
"San Antonio-New Braunfels, TX MSA",2015,San Antonio,TX,2261
"New York-Newark-Jersey City, NY-NJ-PA MSA",2009,New York,NY,57201
"New York-Newark-Jersey City, NY-NJ-PA MSA",2017,New York,NY,86115
"Las Vegas-Henderson-Paradise, NV MSA",2007,Las Vegas,NV,4643
"Cincinnati, OH-KY-IN MSA",2013,Cincinnati,OH,1339
"Austin-Round Rock-Georgetown, TX MSA",2009,Austin,TX,1284
"Jacksonville, FL MSA",2013,Jacksonville,FL,1831
"San Jose-Sunnyvale-Santa Clara, CA MSA",2018,San Jose,CA,1560
"Orlando-Kissimmee-Sanford, FL MSA",2018,Orlando,FL,2058
"San Jose-Sunnyvale-Santa Clara, CA MSA",2011,San Jose,CA,1833
"Fresno, CA MSA",2014,Fresno,CA,900
"Buffalo-Cheektowaga, NY MSA",2016,Buffalo,NY,1050
"Atlanta-Sandy Springs-Alpharetta, GA MSA",2010,Atlanta,GA,5004
"Cleveland-Elyria, OH MSA",2011,Cleveland,OH,2123
"Dallas-Fort Worth-Arlington, TX MSA",2017,Dallas,TX,5198
"Los Angeles-Long Beach-Anaheim, CA MSA",2018,Los Angeles,CA,17960
"Orlando-Kissimmee-Sanford, FL MSA",2019,Orlando,FL,2031
"Boston-Cambridge-Newton, MA-NH MSA",2021,Boston,MA,5713
"Atlanta-Sandy Springs-Alpharetta, GA MSA",2012,Atlanta,GA,4700
"Baltimore-Columbia-Towson, MD MSA",2009,Baltimore,MD,2918
"St. Louis, MO-IL MSA",2022,St. Louis,MO,1345
"Providence-Warwick, RI-MA MSA",2014,Providence,MA,1587
"San Jose-Sunnyvale-Santa Clara, CA MSA",2014,San Jose,CA,1734
"Jacksonville, FL MSA",2008,Jacksonville,FL,2477
"Phoenix-Mesa-Chandler, AZ MSA",2022,Phoenix,AZ,4193
"Denver-Aurora-Lakewood, CO MSA",2017,Denver,CO,4332
"Virginia Beach-Norfolk-Newport News, VA-NC MSA",2015,Virginia Beach,VA,1150
"Virginia Beach-Norfolk-Newport News, VA-NC MSA",2017,Virginia Beach,VA,1210
"Miami-Fort Lauderdale-Pompano Beach, FL MSA",2011,Miami,FL,6971
"Houston-The Woodlands-Sugar Land, TX MSA",2011,Houston,TX,4670
"Cleveland-Elyria, OH MSA",2012,Cleveland,OH,2144
"Fresno, CA MSA",2019,Fresno,CA,525
"Las Vegas-Henderson-Paradise, NV MSA",2014,Las Vegas,NV,3967
"New York-Newark-Jersey City, NY-NJ-PA MSA",2014,New York,NY,76177
"Detroit-Warren-Dearborn, MI MSA",2012,Detroit,MI,4120
"Salt Lake City, UT MSA",2019,Salt Lake City,UT,1758
"Richmond, VA MSA",2009,Richmond,VA,989
"Cincinnati, OH-KY-IN MSA",2014,Cincinnati,OH,951
"Chicago-Naperville-Elgin, IL-IN-WI MSA",2016,Chicago,IL,6674
"Boston-Cambridge-Newton, MA-NH MSA",2014,Boston,MA,6653
"Charlotte-Concord-Gastonia, NC-SC MSA",2016,Charlotte,NC,1846
"Jacksonville, FL MSA",2010,Jacksonville,FL,2265
"Indianapolis-Carmel-Anderson, IN MSA",2017,Indianapolis,IN,1725
"Richmond, VA MSA",2010,Richmond,VA,875
"Fresno, CA MSA",2009,Fresno,CA,1407
"Pittsburgh, PA MSA",2007,Pittsburgh,PA,1205
"Nashville-Davidson--Murfreesboro--Franklin, TN MSA",2010,Nashville,TN,1645
"Birmingham-Hoover, AL MSA",2014,Birmingham,AL,1031
"Pittsburgh, PA MSA",2015,Pittsburgh,PA,1385
"Pittsburgh, PA MSA",2017,Pittsburgh,PA,1052
"Minneapolis-St Paul-Bloomington, MN-WI MSA",2008,Minneapolis,MN,4438
"Oklahoma City, OK MSA",2014,Oklahoma City,OK,1402
"Baltimore-Columbia-Towson, MD MSA",2019,Baltimore,MD,2498
"Tampa-St Petersburg-Clearwater, FL MSA",2010,Tampa,FL,3063
"Philadelphia-Camden-Wilmington, PA-NJ-DE-MD MSA",2007,Philadelphia,PA,12403
"Richmond, VA MSA",2013,Richmond,VA,823
"Miami-Fort Lauderdale-Pompano Beach, FL MSA",2020,Miami,FL,4513
"Philadelphia-Camden-Wilmington, PA-NJ-DE-MD MSA",2018,Philadelphia,PA,9511
"Oklahoma City, OK MSA",2015,Oklahoma City,OK,1377
"Cleveland-Elyria, OH MSA",2013,Cleveland,OH,1993
"Kansas City, MO-KS MSA",2022,Kansas City,KS,176
"Memphis, TN-MS-AR MSA",2021,Memphis,TN,892
"Providence-Warwick, RI-MA MSA",2021,Providence,MA,1252
"St. Louis, MO-IL MSA",2011,St. Louis,MO,1833
"Austin-Round Rock-Georgetown, TX MSA",2020,Austin,TX,968
"Dallas-Fort Worth-Arlington, TX MSA",2022,Dallas,TX,4776
"Tampa-St Petersburg-Clearwater, FL MSA",2009,Tampa,FL,2832
"Austin-Round Rock-Georgetown, TX MSA",2014,Austin,TX,1294
"Seattle-Tacoma-Bellevue, WA MSA",2017,Seattle,WA,7881
"Raleigh-Cary, NC MSA",2019,Raleigh,NC,1155
"Buffalo-Cheektowaga, NY MSA",2007,Buffalo,NY,1152
"Salt Lake City, UT MSA",2013,Salt Lake City,UT,1750
"Kansas City, MO-KS MSA",2015,Kansas City,KS,189
"Minneapolis-St Paul-Bloomington, MN-WI MSA",2020,Minneapolis,MN,4248
"Oklahoma City, OK MSA",2009,Oklahoma City,OK,1133
"Chicago-Naperville-Elgin, IL-IN-WI MSA",2017,Chicago,IL,6186
"Memphis, TN-MS-AR MSA",2022,Memphis,TN,1360
"Phoenix-Mesa-Chandler, AZ MSA",2019,Phoenix,AZ,4122
"Los Angeles-Long Beach-Anaheim, CA MSA",2019,Los Angeles,CA,18996
"Kansas City, MO-KS MSA",2020,Kansas City,KS,137
"Fresno, CA MSA",2016,Fresno,CA,653
"Oklahoma City, OK MSA",2017,Oklahoma City,OK,1357
"Providence-Warwick, RI-MA MSA",2020,Providence,MA,1376
"San Francisco-Oakland-Berkeley, CA MSA",2020,San Francisco,CA,6056
"Las Vegas-Henderson-Paradise, NV MSA",2022,Las Vegas,NV,2705
"Pittsburgh, PA MSA",2009,Pittsburgh,PA,1337
"Detroit-Warren-Dearborn, MI MSA",2007,Detroit,MI,4942
"Pittsburgh, PA MSA",2021,Pittsburgh,PA,725
"Orlando-Kissimmee-Sanford, FL MSA",2020,Orlando,FL,1986
"Indianapolis-Carmel-Anderson, IN MSA",2012,Indianapolis,IN,1807
"Chicago-Naperville-Elgin, IL-IN-WI MSA",2019,Chicago,IL,6071
"Raleigh-Cary, NC MSA",2010,Raleigh,NC,1832
"Denver-Aurora-Lakewood, CO MSA",2012,Denver,CO,4649
"Houston-The Woodlands-Sugar Land, TX MSA",2008,Houston,TX,3715
"Charlotte-Concord-Gastonia, NC-SC MSA",2015,Charlotte,NC,1808
"Seattle-Tacoma-Bellevue, WA MSA",2018,Seattle,WA,7923
"Virginia Beach-Norfolk-Newport News, VA-NC MSA",2010,Virginia Beach,VA,1426
"Atlanta-Sandy Springs-Alpharetta, GA MSA",2008,Atlanta,GA,4768
"San Antonio-New Braunfels, TX MSA",2017,San Antonio,TX,2252
"Baltimore-Columbia-Towson, MD MSA",2020,Baltimore,MD,2491
"Baltimore-Columbia-Towson, MD MSA",2011,Baltimore,MD,2888
"New York-Newark-Jersey City, NY-NJ-PA MSA",2011,New York,NY,61762
"Sacramento-Roseville-Folsom, CA MSA",2017,Sacramento,CA,1431
"Seattle-Tacoma-Bellevue, WA MSA",2008,Seattle,WA,9284
"Riverside-San Bernardino-Ontario, CA MSA",2016,Riverside,CA,1737
"Denver-Aurora-Lakewood, CO MSA",2010,Denver,CO,4386
"Jacksonville, FL MSA",2021,Jacksonville,FL,1399
"Dallas-Fort Worth-Arlington, TX MSA",2007,Dallas,TX,6108
"Cleveland-Elyria, OH MSA",2014,Cleveland,OH,1916
"San Diego-Chula Vista-Carlsbad, CA MSA",2019,San Diego,CA,3859
"Houston-The Woodlands-Sugar Land, TX MSA",2021,Houston,TX,2735
"San Jose-Sunnyvale-Santa Clara, CA MSA",2017,San Jose,CA,1652
"Kansas City, MO-KS MSA",2008,Kansas City,KS,179
"Tampa-St Petersburg-Clearwater, FL MSA",2007,Tampa,FL,2432
"Milwaukee-Waukesha, WI MSA",2012,Milwaukee,WI,1528
"Memphis, TN-MS-AR MSA",2016,Memphis,TN,1552
"Riverside-San Bernardino-Ontario, CA MSA",2021,Riverside,CA,2293
"Nashville-Davidson--Murfreesboro--Franklin, TN MSA",2015,Nashville,TN,2202
"St. Louis, MO-IL MSA",2012,St. Louis,MO,1930
"Columbus, OH MSA",2009,Columbus,OH,941
"Chicago-Naperville-Elgin, IL-IN-WI MSA",2011,Chicago,IL,7673
"San Francisco-Oakland-Berkeley, CA MSA",2019,San Francisco,CA,5678
"Nashville-Davidson--Murfreesboro--Franklin, TN MSA",2022,Nashville,TN,1344
"Cleveland-Elyria, OH MSA",2008,Cleveland,OH,1997
"Philadelphia-Camden-Wilmington, PA-NJ-DE-MD MSA",2021,Philadelphia,PA,8331
"Columbus, OH MSA",2017,Columbus,OH,1229
"Chicago-Naperville-Elgin, IL-IN-WI MSA",2012,Chicago,IL,7653
"Salt Lake City, UT MSA",2021,Salt Lake City,UT,1771
"Phoenix-Mesa-Chandler, AZ MSA",2014,Phoenix,AZ,5559
"Chicago-Naperville-Elgin, IL-IN-WI MSA",2008,Chicago,IL,7793
"Detroit-Warren-Dearborn, MI MSA",2019,Detroit,MI,2234
"Seattle-Tacoma-Bellevue, WA MSA",2014,Seattle,WA,8305
"Indianapolis-Carmel-Anderson, IN MSA",2022,Indianapolis,IN,1602
"Seattle-Tacoma-Bellevue, WA MSA",2020,Seattle,WA,8513
"Houston-The Woodlands-Sugar Land, TX MSA",2007,Houston,TX,4255
"Memphis, TN-MS-AR MSA",2007,Memphis,TN,1745
"San Diego-Chula Vista-Carlsbad, CA MSA",2008,San Diego,CA,2312
"Los Angeles-Long Beach-Anaheim, CA MSA",2017,Los Angeles,CA,18926
"Charlotte-Concord-Gastonia, NC-SC MSA",2017,Charlotte,NC,1389
"Birmingham-Hoover, AL MSA",2011,Birmingham,AL,1235
"St. Louis, MO-IL MSA",2015,St. Louis,MO,1749
"Louisville/Jefferson County, KY-IN MSA",2015,Louisville,KY,1062
"Riverside-San Bernardino-Ontario, CA MSA",2007,Riverside,CA,2628
"Las Vegas-Henderson-Paradise, NV MSA",2020,Las Vegas,NV,2250
"Dallas-Fort Worth-Arlington, TX MSA",2012,Dallas,TX,5826
"Charlotte-Concord-Gastonia, NC-SC MSA",2009,Charlotte,NC,1760
"Washington-Arlington-Alexandria, DC-VA-MD-WV MSA",2022,Washington,DC,8182
"San Diego-Chula Vista-Carlsbad, CA MSA",2007,San Diego,CA,2203
"San Francisco-Oakland-Berkeley, CA MSA",2010,San Francisco,CA,5706
"Chicago-Naperville-Elgin, IL-IN-WI MSA",2013,Chicago,IL,7460
"San Diego-Chula Vista-Carlsbad, CA MSA",2012,San Diego,CA,4275
"Detroit-Warren-Dearborn, MI MSA",2010,Detroit,MI,4075
"Seattle-Tacoma-Bellevue, WA MSA",2013,Seattle,WA,8528
"Portland-Vancouver-Hillsboro, OR-WA MSA",2021,Portland,OR,2725
"New York-Newark-Jersey City, NY-NJ-PA MSA",2012,New York,NY,67167
"San Antonio-New Braunfels, TX MSA",2014,San Antonio,TX,2362
"Milwaukee-Waukesha, WI MSA",2015,Milwaukee,WI,1548
"Seattle-Tacoma-Bellevue, WA MSA",2007,Seattle,WA,9778
"San Diego-Chula Vista-Carlsbad, CA MSA",2011,San Diego,CA,3923
"Austin-Round Rock-Georgetown, TX MSA",2010,Austin,TX,1203
"Cleveland-Elyria, OH MSA",2010,Cleveland,OH,2084
"Cincinnati, OH-KY-IN MSA",2009,Cincinnati,OH,1036
"Milwaukee-Waukesha, WI MSA",2007,Milwaukee,WI,1492
"Orlando-Kissimmee-Sanford, FL MSA",2014,Orlando,FL,2466
"Washington-Arlington-Alexandria, DC-VA-MD-WV MSA",2011,Washington,DC,8778
"Orlando-Kissimmee-Sanford, FL MSA",2017,Orlando,FL,2229
"Louisville/Jefferson County, KY-IN MSA",2007,Louisville,KY,2509
"San Francisco-Oakland-Berkeley, CA MSA",2007,San Francisco,CA,5756
"Phoenix-Mesa-Chandler, AZ MSA",2020,Phoenix,AZ,3953
"Austin-Round Rock-Georgetown, TX MSA",2012,Austin,TX,1157
"Columbus, OH MSA",2010,Columbus,OH,942
"Providence-Warwick, RI-MA MSA",2018,Providence,MA,1402
"Houston-The Woodlands-Sugar Land, TX MSA",2018,Houston,TX,3032
"Charlotte-Concord-Gastonia, NC-SC MSA",2012,Charlotte,NC,2302
"San Jose-Sunnyvale-Santa Clara, CA MSA",2013,San Jose,CA,1801
"Portland-Vancouver-Hillsboro, OR-WA MSA",2011,Portland,OR,3452
"Washington-Arlington-Alexandria, DC-VA-MD-WV MSA",2020,Washington,DC,8166
"San Antonio-New Braunfels, TX MSA",2021,San Antonio,TX,2329
"Milwaukee-Waukesha, WI MSA",2008,Milwaukee,WI,1462
"Austin-Round Rock-Georgetown, TX MSA",2013,Austin,TX,1142
"San Jose-Sunnyvale-Santa Clara, CA MSA",2016,San Jose,CA,1849
"Providence-Warwick, RI-MA MSA",2012,Providence,MA,1571
"Fresno, CA MSA",2021,Fresno,CA,1020
"Fresno, CA MSA",2010,Fresno,CA,1581
"Austin-Round Rock-Georgetown, TX MSA",2017,Austin,TX,1293
"Buffalo-Cheektowaga, NY MSA",2010,Buffalo,NY,949
"Austin-Round Rock-Georgetown, TX MSA",2015,Austin,TX,1162
"Richmond, VA MSA",2007,Richmond,VA,799
"Riverside-San Bernardino-Ontario, CA MSA",2014,Riverside,CA,2495
"New York-Newark-Jersey City, NY-NJ-PA MSA",2010,New York,NY,60537
"Cincinnati, OH-KY-IN MSA",2012,Cincinnati,OH,1552
"Detroit-Warren-Dearborn, MI MSA",2018,Detroit,MI,2442
"Chicago-Naperville-Elgin, IL-IN-WI MSA",2010,Chicago,IL,7788
"Providence-Warwick, RI-MA MSA",2013,Providence,MA,1563
"Providence-Warwick, RI-MA MSA",2009,Providence,MA,1859
"Atlanta-Sandy Springs-Alpharetta, GA MSA",2018,Atlanta,GA,3159
"Virginia Beach-Norfolk-Newport News, VA-NC MSA",2022,Virginia Beach,VA,819
"Boston-Cambridge-Newton, MA-NH MSA",2009,Boston,MA,5550
"Richmond, VA MSA",2014,Richmond,VA,721
"Memphis, TN-MS-AR MSA",2017,Memphis,TN,1524
"Cincinnati, OH-KY-IN MSA",2017,Cincinnati,OH,971
"Boston-Cambridge-Newton, MA-NH MSA",2016,Boston,MA,6694
"Los Angeles-Long Beach-Anaheim, CA MSA",2020,Los Angeles,CA,23732
"Memphis, TN-MS-AR MSA",2010,Memphis,TN,1685
"Denver-Aurora-Lakewood, CO MSA",2008,Denver,CO,4504
"Las Vegas-Henderson-Paradise, NV MSA",2017,Las Vegas,NV,2106
"Houston-The Woodlands-Sugar Land, TX MSA",2019,Houston,TX,2714
"Austin-Round Rock-Georgetown, TX MSA",2007,Austin,TX,1414
"Boston-Cambridge-Newton, MA-NH MSA",2013,Boston,MA,6267
"Miami-Fort Lauderdale-Pompano Beach, FL MSA",2021,Miami,FL,4870
"Philadelphia-Camden-Wilmington, PA-NJ-DE-MD MSA",2015,Philadelphia,PA,11281
"New York-Newark-Jersey City, NY-NJ-PA MSA",2018,New York,NY,86686
"Birmingham-Hoover, AL MSA",2021,Birmingham,AL,605
"San Jose-Sunnyvale-Santa Clara, CA MSA",2007,San Jose,CA,2189
"Kansas City, MO-KS MSA",2007,Kansas City,KS,178
"St. Louis, MO-IL MSA",2007,St. Louis,MO,1716
"Louisville/Jefferson County, KY-IN MSA",2021,Louisville,KY,1074
"Boston-Cambridge-Newton, MA-NH MSA",2020,Boston,MA,6367
"Phoenix-Mesa-Chandler, AZ MSA",2008,Phoenix,AZ,5693
"Charlotte-Concord-Gastonia, NC-SC MSA",2013,Charlotte,NC,2160
"Salt Lake City, UT MSA",2014,Salt Lake City,UT,1712
"Louisville/Jefferson County, KY-IN MSA",2022,Louisville,KY,981
"Memphis, TN-MS-AR MSA",2012,Memphis,TN,1874
"Washington-Arlington-Alexandria, DC-VA-MD-WV MSA",2016,Washington,DC,10174
"Seattle-Tacoma-Bellevue, WA MSA",2021,Seattle,WA,7809
"Dallas-Fort Worth-Arlington, TX MSA",2013,Dallas,TX,5931
"Miami-Fort Lauderdale-Pompano Beach, FL MSA",2017,Miami,FL,5257
"Oklahoma City, OK MSA",2016,Oklahoma City,OK,1364
"Pittsburgh, PA MSA",2014,Pittsburgh,PA,1466
"St. Louis, MO-IL MSA",2021,St. Louis,MO,1278
"Richmond, VA MSA",2015,Richmond,VA,702
"Austin-Round Rock-Georgetown, TX MSA",2011,Austin,TX,1198
"Indianapolis-Carmel-Anderson, IN MSA",2010,Indianapolis,IN,2237
"Atlanta-Sandy Springs-Alpharetta, GA MSA",2016,Atlanta,GA,4213
"Philadelphia-Camden-Wilmington, PA-NJ-DE-MD MSA",2019,Philadelphia,PA,9243
"Denver-Aurora-Lakewood, CO MSA",2011,Denver,CO,4369
"San Antonio-New Braunfels, TX MSA",2010,San Antonio,TX,1711
"Detroit-Warren-Dearborn, MI MSA",2017,Detroit,MI,2702
"Houston-The Woodlands-Sugar Land, TX MSA",2013,Houston,TX,3838
"Washington-Arlington-Alexandria, DC-VA-MD-WV MSA",2015,Washington,DC,8862
"Detroit-Warren-Dearborn, MI MSA",2020,Detroit,MI,2205
"Baltimore-Columbia-Towson, MD MSA",2017,Baltimore,MD,2798
"Sacramento-Roseville-Folsom, CA MSA",2019,Sacramento,CA,1626
"Jacksonville, FL MSA",2018,Jacksonville,FL,1564
"Oklahoma City, OK MSA",2007,Oklahoma City,OK,1297
"St. Louis, MO-IL MSA",2014,St. Louis,MO,1740
"San Diego-Chula Vista-Carlsbad, CA MSA",2015,San Diego,CA,4546
"Louisville/Jefferson County, KY-IN MSA",2019,Louisville,KY,773
"Minneapolis-St Paul-Bloomington, MN-WI MSA",2010,Minneapolis,MN,4772
"Oklahoma City, OK MSA",2012,Oklahoma City,OK,1241
"Louisville/Jefferson County, KY-IN MSA",2008,Louisville,KY,2380
"Seattle-Tacoma-Bellevue, WA MSA",2022,Seattle,WA,9406
"Pittsburgh, PA MSA",2016,Pittsburgh,PA,1196
"Indianapolis-Carmel-Anderson, IN MSA",2018,Indianapolis,IN,1473
"Buffalo-Cheektowaga, NY MSA",2018,Buffalo,NY,1039
"Cincinnati, OH-KY-IN MSA",2010,Cincinnati,OH,1057
"Indianapolis-Carmel-Anderson, IN MSA",2014,Indianapolis,IN,1806
"Cincinnati, OH-KY-IN MSA",2018,Cincinnati,OH,997
"Cleveland-Elyria, OH MSA",2009,Cleveland,OH,2108
"Birmingham-Hoover, AL MSA",2018,Birmingham,AL,877
"Milwaukee-Waukesha, WI MSA",2014,Milwaukee,WI,1511
"Louisville/Jefferson County, KY-IN MSA",2012,Louisville,KY,1352
"Buffalo-Cheektowaga, NY MSA",2009,Buffalo,NY,953
"Philadelphia-Camden-Wilmington, PA-NJ-DE-MD MSA",2010,Philadelphia,PA,11372
"Raleigh-Cary, NC MSA",2009,Raleigh,NC,1761
"Kansas City, MO-KS MSA",2012,Kansas City,KS,252
"Jacksonville, FL MSA",2015,Jacksonville,FL,1626
"New York-Newark-Jersey City, NY-NJ-PA MSA",2022,New York,NY,75029
"Pittsburgh, PA MSA",2012,Pittsburgh,PA,1409
"Minneapolis-St Paul-Bloomington, MN-WI MSA",2022,Minneapolis,MN,4514
"Kansas City, MO-KS MSA",2021,Kansas City,KS,126
"Fresno, CA MSA",2022,Fresno,CA,2153
"Oklahoma City, OK MSA",2013,Oklahoma City,OK,1374
"Phoenix-Mesa-Chandler, AZ MSA",2016,Phoenix,AZ,4030
"Nashville-Davidson--Murfreesboro--Franklin, TN MSA",2018,Nashville,TN,1945
"Denver-Aurora-Lakewood, CO MSA",2016,Denver,CO,4723
"Orlando-Kissimmee-Sanford, FL MSA",2016,Orlando,FL,2088
"Los Angeles-Long Beach-Anaheim, CA MSA",2008,Los Angeles,CA,20106
"Las Vegas-Henderson-Paradise, NV MSA",2018,Las Vegas,NV,1858
"Raleigh-Cary, NC MSA",2014,Raleigh,NC,1860
"Nashville-Davidson--Murfreesboro--Franklin, TN MSA",2011,Nashville,TN,1590
"Pittsburgh, PA MSA",2020,Pittsburgh,PA,682
"Chicago-Naperville-Elgin, IL-IN-WI MSA",2007,Chicago,IL,8172
"Fresno, CA MSA",2013,Fresno,CA,948
"Birmingham-Hoover, AL MSA",2013,Birmingham,AL,1188
"San Jose-Sunnyvale-Santa Clara, CA MSA",2021,San Jose,CA,1908
"Denver-Aurora-Lakewood, CO MSA",2021,Denver,CO,5813
"San Antonio-New Braunfels, TX MSA",2020,San Antonio,TX,1814
"Sacramento-Roseville-Folsom, CA MSA",2007,Sacramento,CA,1641
"Tampa-St Petersburg-Clearwater, FL MSA",2012,Tampa,FL,3413
"Virginia Beach-Norfolk-Newport News, VA-NC MSA",2021,Virginia Beach,VA,877
"Salt Lake City, UT MSA",2018,Salt Lake City,UT,1858
"Houston-The Woodlands-Sugar Land, TX MSA",2015,Houston,TX,3067
"Tampa-St Petersburg-Clearwater, FL MSA",2021,Tampa,FL,2471
"Fresno, CA MSA",2007,Fresno,CA,2657
"Orlando-Kissimmee-Sanford, FL MSA",2022,Orlando,FL,2315
"San Diego-Chula Vista-Carlsbad, CA MSA",2014,San Diego,CA,4472
"Cincinnati, OH-KY-IN MSA",2011,Cincinnati,OH,1349
"Orlando-Kissimmee-Sanford, FL MSA",2011,Orlando,FL,2812
"St. Louis, MO-IL MSA",2016,St. Louis,MO,1798
"Las Vegas-Henderson-Paradise, NV MSA",2010,Las Vegas,NV,3039
"Columbus, OH MSA",2015,Columbus,OH,1074
"Cincinnati, OH-KY-IN MSA",2020,Cincinnati,OH,1131
"Orlando-Kissimmee-Sanford, FL MSA",2007,Orlando,FL,2350
"Birmingham-Hoover, AL MSA",2019,Birmingham,AL,793
"Salt Lake City, UT MSA",2012,Salt Lake City,UT,1904
"Cincinnati, OH-KY-IN MSA",2008,Cincinnati,OH,1052
"San Antonio-New Braunfels, TX MSA",2009,San Antonio,TX,1756
"Charlotte-Concord-Gastonia, NC-SC MSA",2022,Charlotte,NC,1853
"Riverside-San Bernardino-Ontario, CA MSA",2013,Riverside,CA,2506
"Jacksonville, FL MSA",2014,Jacksonville,FL,1714
"Richmond, VA MSA",2021,Richmond,VA,734
"Atlanta-Sandy Springs-Alpharetta, GA MSA",2011,Atlanta,GA,5890
"Portland-Vancouver-Hillsboro, OR-WA MSA",2012,Portland,OR,3661
"Virginia Beach-Norfolk-Newport News, VA-NC MSA",2012,Virginia Beach,VA,1470
"Miami-Fort Lauderdale-Pompano Beach, FL MSA",2019,Miami,FL,4731
"Atlanta-Sandy Springs-Alpharetta, GA MSA",2021,Atlanta,GA,3161
"Minneapolis-St Paul-Bloomington, MN-WI MSA",2011,Minneapolis,MN,4579
"Miami-Fort Lauderdale-Pompano Beach, FL MSA",2008,Miami,FL,6418
"Oklahoma City, OK MSA",2021,Oklahoma City,OK,631
"Seattle-Tacoma-Bellevue, WA MSA",2019,Seattle,WA,8154
"San Jose-Sunnyvale-Santa Clara, CA MSA",2020,San Jose,CA,1628
"Minneapolis-St Paul-Bloomington, MN-WI MSA",2007,Minneapolis,MN,4617
"Indianapolis-Carmel-Anderson, IN MSA",2015,Indianapolis,IN,1712
"Denver-Aurora-Lakewood, CO MSA",2013,Denver,CO,4915
"Raleigh-Cary, NC MSA",2015,Raleigh,NC,1694
"Nashville-Davidson--Murfreesboro--Franklin, TN MSA",2014,Nashville,TN,2011
"Los Angeles-Long Beach-Anaheim, CA MSA",2011,Los Angeles,CA,17879
"Charlotte-Concord-Gastonia, NC-SC MSA",2020,Charlotte,NC,1552
"Pittsburgh, PA MSA",2013,Pittsburgh,PA,1454
"Buffalo-Cheektowaga, NY MSA",2012,Buffalo,NY,971
"San Jose-Sunnyvale-Santa Clara, CA MSA",2008,San Jose,CA,1891
"Kansas City, MO-KS MSA",2019,Kansas City,KS,135
"Virginia Beach-Norfolk-Newport News, VA-NC MSA",2014,Virginia Beach,VA,1269
"Houston-The Woodlands-Sugar Land, TX MSA",2012,Houston,TX,4293
"Orlando-Kissimmee-Sanford, FL MSA",2008,Orlando,FL,2410
"Dallas-Fort Worth-Arlington, TX MSA",2011,Dallas,TX,6874
"Memphis, TN-MS-AR MSA",2008,Memphis,TN,1756
"Atlanta-Sandy Springs-Alpharetta, GA MSA",2017,Atlanta,GA,4024
"Minneapolis-St Paul-Bloomington, MN-WI MSA",2009,Minneapolis,MN,4569
"Indianapolis-Carmel-Anderson, IN MSA",2013,Indianapolis,IN,1672
"Cincinnati, OH-KY-IN MSA",2021,Cincinnati,OH,935
"San Diego-Chula Vista-Carlsbad, CA MSA",2013,San Diego,CA,4213
"Orlando-Kissimmee-Sanford, FL MSA",2015,Orlando,FL,2155
"Philadelphia-Camden-Wilmington, PA-NJ-DE-MD MSA",2020,Philadelphia,PA,9439
"Denver-Aurora-Lakewood, CO MSA",2009,Denver,CO,4318
"Los Angeles-Long Beach-Anaheim, CA MSA",2010,Los Angeles,CA,17973
"Detroit-Warren-Dearborn, MI MSA",2022,Detroit,MI,2073